ConcentrationMolar,EquivalentsBASE1,EquivalentsReagent1,T1Celsius,T2Celsius,t1min,t2min
0.8201,4.2226564004219656,1.98246731462603,99.87002730497237,187.46119023656786,45.81266350798581,26.018384501282473
