ConcentrationMolar,EquivalentsBASE1,EquivalentsReagent1,T1Celsius,T2Celsius,t1min,t2min
0.82,1.959526877288282,1.9980580750284003,122.020696246808,141.8091143197875,36.602271273941675,35.768025994916464
